"offset","runtime","length","value"
"0x4BF46","0x0204C066","5","0[)@0"
"0x4C07B","0x0204C19B","4","[A!R"
"0x4C0B6","0x0204C1D6","4","u 2`"
"0x4C0BC","0x0204C1DC","4","r 2i"
"0x4C180","0x0204C2A0","4","vFpa"
"0x4C187","0x0204C2A7","9","LectAc`Ra"
"0x4C1EB","0x0204C30B","4","`@ a"
"0x4C1F9","0x0204C319","4","`@!1"
"0x4D850","0x0204D970","4","Pt#`"
"0x4D8E2","0x0204DA02","4","Pt#`"
"0x4D974","0x0204DA94","4","Pt#`"
"0x4DA06","0x0204DB26","4","Pt#`"
"0x4DA98","0x0204DBB8","4","Pt#`"
"0x4DB2A","0x0204DC4A","4","Pt#`"
"0x4DE8C","0x0204DFAC","4","0t%a"
"0x4DE94","0x0204DFB4","4","Pt#b"
"0x4DE9C","0x0204DFBC","4","0t%c"
"0x4DEA4","0x0204DFC4","4","Pt#d"
"0x4DEAC","0x0204DFCC","4","0t%e"
"0x4DEB4","0x0204DFD4","4","Pt#f"
"0x4DEBC","0x0204DFDC","4","0t%g"
"0x4DEC4","0x0204DFE4","4","Pt#h"
"0x4DECC","0x0204DFEC","4","0t%i"
"0x4DED4","0x0204DFF4","4","Pt#j"
"0x4DEDC","0x0204DFFC","4","0t%k"
"0x4DEE4","0x0204E004","4","Pt#l"
"0x4DEEC","0x0204E00C","4","0t%m"
"0x4DEF4","0x0204E014","4","Pt#n"
"0x4DEFC","0x0204E01C","4","0t%o"
"0x4DF12","0x0204E032","4","0t%a"
"0x4DF1A","0x0204E03A","4","Pt#b"
"0x4DF22","0x0204E042","4","0t%c"
"0x4DF2A","0x0204E04A","4","Pt#d"
"0x4DF32","0x0204E052","4","0t%e"
"0x4DF3A","0x0204E05A","4","Pt#f"
"0x4DF42","0x0204E062","4","0t%g"
"0x4DF4A","0x0204E06A","4","Pt#h"
"0x4DF52","0x0204E072","4","0t%i"
"0x4DF5A","0x0204E07A","4","Pt#j"
"0x4DF62","0x0204E082","4","0t%k"
"0x4DF6A","0x0204E08A","4","Pt#l"
"0x4DF72","0x0204E092","4","0t%m"
"0x4DF7A","0x0204E09A","4","Pt#n"
"0x4DF82","0x0204E0A2","4","0t%o"
"0x4DF98","0x0204E0B8","4","0t%a"
"0x4DFA0","0x0204E0C0","4","Pt#b"
"0x4DFA8","0x0204E0C8","4","0t%c"
"0x4DFB0","0x0204E0D0","4","Pt#d"
"0x4DFB8","0x0204E0D8","4","0t%e"
"0x4DFC0","0x0204E0E0","4","Pt#f"
"0x4DFC8","0x0204E0E8","4","0t%g"
"0x4DFD0","0x0204E0F0","4","Pt#h"
"0x4DFD8","0x0204E0F8","4","0t%i"
"0x4DFE0","0x0204E100","4","Pt#j"
"0x4DFE8","0x0204E108","4","0t%k"
"0x4DFF0","0x0204E110","4","Pt#l"
"0x4DFF8","0x0204E118","4","0t%m"
"0x4E000","0x0204E120","4","Pt#n"
"0x4E008","0x0204E128","4","0t%o"
"0x4E01E","0x0204E13E","4","0t%a"
"0x4E026","0x0204E146","4","Pt#b"
"0x4E02E","0x0204E14E","4","0t%c"
"0x4E036","0x0204E156","4","Pt#d"
"0x4E03E","0x0204E15E","4","0t%e"
"0x4E046","0x0204E166","4","Pt#f"
"0x4E04E","0x0204E16E","4","0t%g"
"0x4E056","0x0204E176","4","Pt#h"
"0x4E05E","0x0204E17E","4","0t%i"
"0x4E066","0x0204E186","4","Pt#j"
"0x4E06E","0x0204E18E","4","0t%k"
"0x4E076","0x0204E196","4","Pt#l"
"0x4E07E","0x0204E19E","4","0t%m"
"0x4E086","0x0204E1A6","4","Pt#n"
"0x4E08E","0x0204E1AE","4","0t%o"
"0x4E0A4","0x0204E1C4","4","0t%a"
"0x4E0AC","0x0204E1CC","4","Pt#b"
"0x4E0B4","0x0204E1D4","4","0t%c"
"0x4E0BC","0x0204E1DC","4","Pt#d"
"0x4E0C4","0x0204E1E4","4","0t%e"
"0x4E0CC","0x0204E1EC","4","Pt#f"
"0x4E0D4","0x0204E1F4","4","0t%g"
"0x4E0DC","0x0204E1FC","4","Pt#h"
"0x4E0E4","0x0204E204","4","0t%i"
"0x4E0EC","0x0204E20C","4","Pt#j"
"0x4E0F4","0x0204E214","4","0t%k"
"0x4E0FC","0x0204E21C","4","Pt#l"
"0x4E104","0x0204E224","4","0t%m"
"0x4E10C","0x0204E22C","4","Pt#n"
"0x4E114","0x0204E234","4","0t%o"
"0x4E12A","0x0204E24A","4","0t%a"
"0x4E132","0x0204E252","4","Pt#b"
"0x4E13A","0x0204E25A","4","0t%c"
"0x4E142","0x0204E262","4","Pt#d"
"0x4E14A","0x0204E26A","4","0t%e"
"0x4E152","0x0204E272","4","Pt#f"
"0x4E15A","0x0204E27A","4","0t%g"
"0x4E162","0x0204E282","4","Pt#h"
"0x4E16A","0x0204E28A","4","0t%i"
"0x4E172","0x0204E292","4","Pt#j"
"0x4E17A","0x0204E29A","4","0t%k"
"0x4E182","0x0204E2A2","4","Pt#l"
"0x4E18A","0x0204E2AA","4","0t%m"
"0x4E192","0x0204E2B2","4","Pt#n"
"0x4E19A","0x0204E2BA","4","0t%o"
"0x4E207","0x0204E327","4","WD $"
"0x4E2EB","0x0204E40B","4","CE F"
"0x4E2F8","0x0204E418","5","!`B C"
"0x4E4CD","0x0204E5ED","4","aEaI"
"0x4E5FD","0x0204E71D","4","O@ T"
"0x4E657","0x0204E777","6","`M@5%5"
"0x4E663","0x0204E783","6","""C0N0K"
"0x4E96C","0x0204EA8C","4","`W@!"
"0x4E9B6","0x0204EAD6","4","F G "
"0x4E9C7","0x0204EAE7","7","P@ A A "
"0x4E9F8","0x0204EB18","4","B C "
"0x4EE51","0x0204EF71","5","`G F!"
"0x4EF95","0x0204F0B5","4","a?4A"
"0x4EFAC","0x0204F0CC","6","@ A E "
"0x4F027","0x0204F147","7","$B C A "
"0x4F05C","0x0204F17C","5","@ A W"
"0x4F08E","0x0204F1AE","5","B C  "
"0x4F274","0x0204F394","5"," M$Tc"
"0x4F27B","0x0204F39B","4","4B 9"
"0x4F2F7","0x0204F417","4","`C  "
"0x4F454","0x0204F574","4","`OB "
"0x4F476","0x0204F596","4","`WF!"
"0x4F4B8","0x0204F5D8","6","@KTTC "
"0x4F660","0x0204F780","95"," !""#$%&'()*+,-./0123456789:;<=>?@ABCDEFGHIJKLMNOPQRSTUVWXYZ[\]^_`abcdefghijklmnopqrstuvwxyz{|}~"
"0x4F7A6","0x0204F8C6","6","!!H#l%"
"0x4F7CD","0x0204F8ED","5","GjI<K"
"0x4FF65","0x02050085","5","6<|xp"
"0x5004D","0x0205016D","4","c0l<"
"0x5021F","0x0205033F","4","<<xp"
"0x505A0","0x020506C0","77","$""$5$7$8$9$:%""%5%7%8%9%:%G%U%Y,B,D,E,F,H,P,R,T,U,V0""0508090:0Y4""4B4G4U4W4X4Z5"
"0x505F4","0x02050714","55","5""5$5(5+505254585B5D5E5F5G5H5N5O5P5Q5R5S5T5U5V5W5X5Z5[7"
"0x50632","0x02050752","37","7""787B7D7E7F7G7H7N7O7P7Q7R7S7T7U7V7[8"
"0x5065A","0x0205077A","39","9$9(909294969B9D9E9F9H9P9R9T9U9V9W9X9Z:"
"0x50682","0x020507A2","40",":B:D:E:F:G:H:N:O:P:Q:R:S:T:U:V:W:X:Y:Z:["
"0x518D6","0x020519F6","4"," "" $"
"0x519A2","0x02051AC2","29","JiJIJ)J)J)J)J)J)J)J)J)J)J)JIB"
"0x519EA","0x02051B0A","26","J)J)J)J)J)J)J)J)J)J)J)JIJi"
"0x51A72","0x02051B92","4","B(kM"
"0x51A7A","0x02051B9A","90","kMk-k-k-k-k-k-k-k-k-k-k-k-k-k-k-k-k-k-k-k-k-k-k-k-k-k-k-k-k-k-k-k-k-k-k-k-k-k-k-k-k-k-k-kM"
"0x51AD8","0x02051BF8","5","kmB(R"
"0x51AE4","0x02051C04","11","JIJIJIJIJiB"
"0x51AF4","0x02051C14","75","JjJIJIJIJIJIJIJIJIJIJIJIJIJIJIJIJIJIJIJIJIJIJIJIJIJIJIJIJIJIJIJIJIJIJIJIJIA"
"0x51B49","0x02051C69","6","UB(JiR"
"0x51BA8","0x02051CC8","4","JiB("
"0x51BC9","0x02051CE9","4","aj)B"
"0x51CB0","0x02051DD0","5","J(RjR"
"0x51CBE","0x02051DDE","5","RjJ(B"
"0x51D1C","0x02051E3C","5","J(JIR"
"0x51D26","0x02051E46","5","JIJ(c"
"0x51D3E","0x02051E5E","5","RjkMs"
"0x51D44","0x02051E64","7","kMJIJ(R"
"0x51D75","0x02051E95","4","bZiJ"
"0x51DA4","0x02051EC4","4","J(sn"
"0x51DDF","0x02051EFF","5"," b):I"
"0x51DF4","0x02051F14","6","RjJIRj"
"0x51E3D","0x02051F5D","7"," pA@a`A"
"0x51E8A","0x02051FAA","5","JIRjR"
"0x51FB2","0x020520D2","4","k-Rj"
"0x51FC8","0x020520E8","5","RjRjR"
"0x51FF2","0x02052112","4","JjBi"
"0x52032","0x02052152","5","J)RjR"
"0x52070","0x02052190","6","B(RjB("
"0x52086","0x020521A6","6","J)JIRj"
"0x5209A","0x020521BA","5","J)JiR"
"0x520C3","0x020521E3","4","bZiJ"
"0x520D5","0x020521F5","8","4kMB(RjR"
"0x520DE","0x020521FE","6","RjB(kM"
"0x520F4","0x02052214","4","JIJi"
"0x52102","0x02052222","5","J)JiR"
"0x52136","0x02052256","5","RiJ)B"
"0x52140","0x02052260","5","JIRjR"
"0x5214C","0x0205226C","5","JIB(B"
"0x52154","0x02052274","5","J)JiR"
"0x52160","0x02052280","5","RjJ)B"
"0x5216A","0x0205228A","5","JIRjR"
"0x52396","0x020524B6","91","RjJIJIJIJIJIJIJIJ)J)JIRIJIJIJIJIJIJIJ)J)JIJIJIJIJIJ)JIRIJIJIJIJIJIJ)J)J)JIJIJIJIJIJIJIJIRjR"
"0x52448","0x02052568","7","RjJ(RjR"
"0x52494","0x020525B4","5","J(RiR"
"0x524A6","0x020525C6","4","JIRj"
"0x52500","0x02052620","4","JIkM"
"0x52510","0x02052630","4","JIRi"
"0x5257A","0x0205269A","4","JIRi"
"0x525B2","0x020526D2","4","JIRj"
"0x525E4","0x02052704","4","JIRi"
"0x525EE","0x0205270E","4","1ek-"
"0x5262A","0x0205274A","5","J)RjR"
"0x5264E","0x0205276E","4","JIRi"
"0x5268C","0x020527AC","4","smJI"
"0x526B8","0x020527D8","4","JIRi"
"0x526C6","0x020527E6","5","snJ(R"
"0x52722","0x02052842","4","JIRi"
"0x5272E","0x0205284E","5","JiB(R"
"0x5278C","0x020528AC","4","JIRi"
"0x52796","0x020528B6","5","JIRiR"
"0x527C0","0x020528E0","4","RjJI"
"0x527C8","0x020528E8","5","kM1eA"
"0x527F6","0x02052916","4","JIRj"
"0x527FE","0x0205291E","5","JIRjR"
"0x5282A","0x0205294A","4","RjRj"
"0x52831","0x02052951","6","vRjJIR"
"0x5283D","0x0205295D","6","ysnB(R"
"0x52860","0x02052980","4","JiRj"
"0x52868","0x02052988","5","JIRjR"
"0x528B8","0x020529D8","5","RiRiR"
"0x529C2","0x02052AE2","6","B(RjJi"
"0x52A2A","0x02052B4A","4","JiRj"
"0x52A30","0x02052B50","6","JiB(k-"
"0x52A8F","0x02052BAF","7","0k-B(Rj"
"0x52B7A","0x02052C9A","5","JIJIR"
"0x52B82","0x02052CA2","9","k,k,k,k-c"
"0x52B90","0x02052CB0","7","k-k,k,c"
"0x52BA2","0x02052CC2","5","kmkMs"
"0x52BA8","0x02052CC8","5","kMsms"
"0x52BB0","0x02052CD0","5","kMkMs"
"0x52BB6","0x02052CD6","5","kMsns"
"0x52BC6","0x02052CE6","7","k,k,k,Z"
"0x52BD0","0x02052CF0","9","k,k,k,k-c"
"0x52BDC","0x02052CFC","4","J)JI"
"0x52C64","0x02052D84","5","JIJ)B"
"0x52C8B","0x02052DAB","4","4sn9"
"0x52CA6","0x02052DC6","5","B(Ji9"
"0x52CBA","0x02052DDA","4","km1f"
"0x52CC1","0x02052DE1","6","4J)JIZ"
"0x52CE4","0x02052E04","4","J)kM"
"0x52CF0","0x02052E10","5","RjB({"
"0x52D0F","0x02052E2F","6","uJ)J(R"
"0x52D26","0x02052E46","4","J)Rj"
"0x52D3F","0x02052E5F","6","0B(J({"
"0x52D5A","0x02052E7A","5","J)RjB"
"0x52D74","0x02052E94","4","J(JI"
"0x52D9E","0x02052EBE","5","JIJ){"
"0x52DA8","0x02052EC8","7","JIJiRiB"
"0x52DB4","0x02052ED4","5","J)JIR"
"0x52DBA","0x02052EDA","4","JIJI"
"0x52DDB","0x02052EFB","6","Yk-J)B"
"0x52DFC","0x02052F1C","4","RjB("
"0x52E1E","0x02052F3E","5","kMB(R"
"0x52E3A","0x02052F5A","5","JIRjR"
"0x52E46","0x02052F66","5","J)RjR"
"0x52E7E","0x02052F9E","4","JIJ)"
"0x52ECC","0x02052FEC","7","JiJIJIs"
"0x52F58","0x02053078","6","J(JIc,"
"0x52F66","0x02053086","5","JIB({"
"0x52F71","0x02053091","6","URiRjB"
"0x52FA7","0x020530C7","6","uJIJ)c"
"0x52FB6","0x020530D6","6","RjB(k-"
"0x52FC2","0x020530E2","5","RjRjA"
"0x52FE8","0x02053108","8","RjJiJIJI"
"0x52FF5","0x02053115","4","5JIB"
"0x53022","0x02053142","4","J)k-"
"0x53052","0x02053172","5","RjRiR"
"0x5307C","0x0205319C","5","RiRiR"
"0x53096","0x020531B6","6","J(JIk-"
"0x530AF","0x020531CF","6","uRiRiA"
"0x53100","0x02053220","4","RjJ("
"0x53164","0x02053284","4","J)JI"
"0x5317D","0x0205329D","6","4J(J(c"
"0x531C2","0x020532E2","4","RiRj"
"0x531D8","0x020532F8","5","kMJ(R"
"0x531F3","0x02053313","6","4JIRjR"
"0x53220","0x02053340","4","RjJI"
"0x53241","0x02053361","6","8J(JIR"
"0x53248","0x02053368","4","J)J)"
"0x53292","0x020533B2","7","JIJIJIc"
"0x532A2","0x020533C2","5","RjJ)s"
"0x532AE","0x020533CE","5","B(RjB"
"0x532B9","0x020533D9","8","UsnJ)RjB"
"0x532CA","0x020533EA","6","JIJiJI"
"0x532D5","0x020533F5","8","5JIJiJIZ"
"0x5335B","0x0205347B","4","5JIs"
"0x5337B","0x0205349B","4","4JIB"
"0x533E6","0x02053506","5","J)JIR"
"0x533F4","0x02053514","5","RiJ(c"
"0x53436","0x02053556","6","RjRjJ)"
"0x53476","0x02053596","5","B(RjR"
"0x5347C","0x0205359C","4","RjB("
"0x53488","0x020535A8","4","RjJ)"
"0x5349D","0x020535BD","8","vJiJIB(s"
"0x534B8","0x020535D8","8","JIJIRjJI"
"0x534C5","0x020535E5","9","qJ)RjJIRi"
"0x534DF","0x020535FF","6","9kMB(R"
"0x534F0","0x02053610","5","J)J)Z"
"0x53515","0x02053635","6","5J)J(c"
"0x53523","0x02053643","6","QB(J({"
"0x53540","0x02053660","4","J)B("
"0x5359C","0x020536BC","4","J)k,"
"0x535D6","0x020536F6","5","B(RiB"
"0x535E4","0x02053704","5","J)B(s"
"0x535EF","0x0205370F","7","vJiJiB("
"0x535FE","0x0205371E","6","J)RiJI"
"0x5360E","0x0205372E","4","JIRj"
"0x5361A","0x0205373A","5","B(J)Z"
"0x53628","0x02053748","6","J)B(kM"
"0x53644","0x02053764","4","RiJI"
"0x5365E","0x0205377E","4","JiRi"
"0x53673","0x02053793","6","uJIRiR"
"0x536C8","0x020537E8","4","JIJI"
"0x536DD","0x020537FD","6","uJIRiR"
"0x53721","0x02053841","4","vJIA"
"0x5372E","0x0205384E","6","RiJIB("
"0x5373C","0x0205385C","6","J)RiJI"
"0x53749","0x02053869","7","QB(JIRj"
"0x53758","0x02053878","5","B(J)b"
"0x53799","0x020538B9","4","11fZ"
"0x5379F","0x020538BF","4","uJI9"
"0x537A5","0x020538C5","6","Usn)E{"
"0x537D5","0x020538F5","5","Q)%)E"
"0x538BB","0x020539DB","4","vRib"
"0x53928","0x02053A48","95","JIJIJIJIJIJIJIJIJIJIJIJIJIJIJIJIJIJIJIJIJIJIJIJIJIJIJIJIJIJIJIJIJIJIJIJIJIJIJIJIJIJIJIJIJIJIJI1"
"0x539BC","0x02053ADC","9","RjB(B(RjR"
"0x539DA","0x02053AFA","5","B(JIR"
"0x53A12","0x02053B32","5","kMkMR"
"0x53A24","0x02053B44","9","RjRik,k,R"
"0x53A3E","0x02053B5E","5","kmkMs"
"0x53A44","0x02053B64","7","k-JIJ)R"
"0x53A84","0x02053BA4","5","JIRjR"
"0x53BBC","0x02053CDC","7","RjJIJiR"
"0x53C8B","0x02053DAB","4","1J(R"
"0x53CAC","0x02053DCC","5","J(RjR"
"0x53D16","0x02053E36","5","kmJ(R"
"0x53D58","0x02053E78","4","RiJ("
"0x53D69","0x02053E89","8","qJIRjRjA"
"0x53DD4","0x02053EF4","8","J)JiJIRi"
"0x53E4A","0x02053F6A","8","JIRiRjJi"
"0x53EA4","0x02053FC4","5","J(RjR"
"0x53FC2","0x020540E2","4","RIJI"
"0x54028","0x02054148","4","JIRI"
"0x5408D","0x020541AD","4","0k-B"
"0x565A0","0x020566C0","4","dt+0"
"0x565C6","0x020566E6","9","+P\T\TdTK"
"0x56B09","0x02056C29","4","M|-|"
"0x56B0E","0x02056C2E","9","|-|-|-|-|"
"0x56CD7","0x02056DF7","5","n|-|-"
"0x56DBC","0x02056EDC","4","|-|-"
"0x57191","0x020572B1","5","M|-|-"
"0x5719D","0x020572BD","5","n|M|-"
"0x572FD","0x0205741D","11","mt,|,t,t,|M"
"0x57310","0x02057430","12","|,t,|,|,t,|M"
"0x57320","0x02057440","4","|,|,"
"0x5732C","0x0205744C","4","|,|,"
"0x5740A","0x0205752A","4","|,|,"
"0x57576","0x02057696","4","|M|m"
"0x57645","0x02057765","5","R|M|,"
"0x57696","0x020577B6","4","|Mt,"
"0x576A0","0x020577C0","12","|,t,|,|,t,|M"
"0x576B6","0x020577D6","4","|,|,"
"0x579A0","0x02057AC0","16","flash_powerup_ok"
"0x57EEA","0x0205800A","10","y?(""y?Z)y?"
"0x57EFD","0x0205801D","11",">y?$Fy?WMy?"
"0x57F11","0x02058031","11","by?&jy?Zqy?"
"0x57F81","0x020580A1","11",",z?)4z?c;z?"
"0x57F95","0x020580B5","7","Qz?MXz?"
"0x57FA5","0x020580C5","11","mz?;uz?w|z?"
"0x58009","0x02058129","7","#{?S*{?"
"0x58019","0x02058139","7","@{?XG{?"
"0x58029","0x02058149","7","]{?ad{?"
"0x58035","0x02058155","8","r{?*z{?n"
"0x58092","0x020581B2","6","|?n!|?"
"0x5809D","0x020581BD","7","/|?H7|?"
"0x580A9","0x020581C9","11","E|?#M|?lT|?"
"0x580B9","0x020581D9","7","c|?Jj|?"
"0x580C5","0x020581E5","4","x|?*"
"0x58125","0x02058245","7","(}?l/}?"
"0x58131","0x02058251","7",">}?]E}?"
"0x5813D","0x0205825D","7","S}?O[}?"
"0x58149","0x02058269","7","i}?Dq}?"
"0x581AA","0x020582CA","6","~?-!~?"
"0x581B5","0x020582D5","7","/~?37~?"
"0x581C1","0x020582E1","7","E~?:M~?"
"0x581CD","0x020582ED","7","[~?Dc~?"
"0x581D9","0x020582F9","7","q~?Oy~?"
"0x586E7","0x02058807","5","<0\#<"
"0x58702","0x02058822","6","n<KQ{<"
"0x5877F","0x0205889F","5","=-. ="
"0x58785","0x020588A5","7","Q#=du&="
"0x5879D","0x020588BD","7","&6=lJ9="
"0x587A5","0x020588C5","4","m<=7"
"0x587D6","0x020588F6","15","b=j7e=bZh=Q}k=8"
"0x587F2","0x02058912","11","x=t+{=+N~=l"
"0x589F6","0x02058B16","6",""">5r#>"
"0x589FD","0x02058B1D","4","8$> "
"0x58A0A","0x02058B2A","6","&>QR'>"
"0x58A55","0x02058B75","4","@5>x"
"0x58A75","0x02058B95","7","n;>v4<>"
"0x58A89","0x02058BA9","4","J?>I"
"0x58A9D","0x02058BBD","4","&C>d"
"0x58AA9","0x02058BC9","7","vE>M;F>"
"0x58ABD","0x02058BDD","4","PI>8"
"0x58ACA","0x02058BEA","11","K>gdL>g)M>`"
"0x58ADA","0x02058BFA","6","N>8xO>"
"0x58AEE","0x02058C0E","6","R>IPS>"
"0x58B0E","0x02058C2E","6","X>""uY>"
"0x58B25","0x02058C45","4","K]>e"
"0x58B35","0x02058C55","8","\`>< a>\"
"0x58B52","0x02058C72","11","e>f|f>H@g>"""
"0x58B66","0x02058C86","7","i>yOj>/"
