"address","name","confidence","matched_instructions","library_sources"
"0x0204E482","memcmp","exact-toolchain-match","21","libc.a.txt|libg.a.txt|r1_libc.a.txt|r1_libg.a.txt|r2_libc.a.txt|r2_libg.a.txt|r3_libc.a.txt|r3_libg.a.txt"
"0x0204E4BA","memmove","exact-toolchain-match","74","libc.a.txt|libg.a.txt|r1-large_libc.a.txt|r1-large_libg.a.txt|r1_libc.a.txt|r1_libg.a.txt|r2-large_libc.a.txt|r2-large_libg.a.txt|r2_libc.a.txt|r2_libg.a.txt|r3-large_libc.a.txt|r3-large_libg.a.txt|r3_libc.a.txt|r3_libg.a.txt|r4-large_libc.a.txt|r4-large_libg.a.txt|r4_libc.a.txt|r4_libg.a.txt|r5-large_libc.a.txt|r5-large_libg.a.txt|r5_libc.a.txt|r5_libg.a.txt"
"0x0204E57C","strcat","exact-toolchain-match","11","libc.a.txt|libg.a.txt|r1_libc.a.txt|r1_libg.a.txt|r2_libc.a.txt|r2_libg.a.txt|r3_libc.a.txt|r3_libg.a.txt"
"0x0204E5A8","strcmp","exact-toolchain-match","58","libc.a.txt|libg.a.txt|r1-large_libc.a.txt|r1-large_libg.a.txt|r1_libc.a.txt|r1_libg.a.txt|r2-large_libc.a.txt|r2-large_libg.a.txt|r2_libc.a.txt|r2_libg.a.txt|r3-large_libc.a.txt|r3-large_libg.a.txt|r3_libc.a.txt|r3_libg.a.txt|r4-large_libc.a.txt|r4-large_libg.a.txt|r4_libc.a.txt|r4_libg.a.txt|r5-large_libc.a.txt|r5-large_libg.a.txt|r5_libc.a.txt|r5_libg.a.txt"
"0x0204E648","strcpy","exact-toolchain-match","38","libc.a.txt|libg.a.txt|r1-large_libc.a.txt|r1-large_libg.a.txt|r1_libc.a.txt|r1_libg.a.txt|r2-large_libc.a.txt|r2-large_libg.a.txt|r2_libc.a.txt|r2_libg.a.txt|r3-large_libc.a.txt|r3-large_libg.a.txt|r3_libc.a.txt|r3_libg.a.txt|r4-large_libc.a.txt|r4-large_libg.a.txt|r4_libc.a.txt|r4_libg.a.txt|r5-large_libc.a.txt|r5-large_libg.a.txt|r5_libc.a.txt|r5_libg.a.txt"
"0x0204E6C2","strncmp","exact-toolchain-match","12","libc.a.txt|libg.a.txt|r1_libc.a.txt|r1_libg.a.txt|r2_libc.a.txt|r2_libg.a.txt|r3_libc.a.txt|r3_libg.a.txt"
"0x0204E85A","normalize","exact-toolchain-match","10","r1-large_libcompiler-rt.a.txt|r1-large_libcompiler_rt.a.txt|r1_libcompiler-rt.a.txt|r1_libcompiler_rt.a.txt|r2-large_libcompiler-rt.a.txt|r2-large_libcompiler_rt.a.txt|r2_libcompiler-rt.a.txt|r2_libcompiler_rt.a.txt|r3-large_libcompiler-rt.a.txt|r3-large_libcompiler_rt.a.txt|r3_libcompiler-rt.a.txt|r3_libcompiler_rt.a.txt"
"0x0204ECF6","memset","exact-toolchain-match","17","libc.a.txt|libg.a.txt|r1-large_libc.a.txt|r1-large_libg.a.txt|r1_libc.a.txt|r1_libg.a.txt|r2-large_libc.a.txt|r2-large_libg.a.txt|r2_libc.a.txt|r2_libg.a.txt|r3-large_libc.a.txt|r3-large_libg.a.txt|r3_libc.a.txt|r3_libg.a.txt|r4-large_libc.a.txt|r4-large_libg.a.txt|r4_libc.a.txt|r4_libg.a.txt|r5-large_libc.a.txt|r5-large_libg.a.txt|r5_libc.a.txt|r5_libg.a.txt"
"0x0204ED22","normalize","exact-toolchain-match","16","r1-large_libcompiler-rt.a.txt|r1-large_libcompiler_rt.a.txt|r1_libcompiler-rt.a.txt|r1_libcompiler_rt.a.txt|r2-large_libcompiler-rt.a.txt|r2-large_libcompiler_rt.a.txt|r2_libcompiler-rt.a.txt|r2_libcompiler_rt.a.txt|r3-large_libcompiler-rt.a.txt|r3-large_libcompiler_rt.a.txt|r3_libcompiler-rt.a.txt|r3_libcompiler_rt.a.txt"
"0x0204ED58","__divdf3","exact-toolchain-match","230","r1-large_libcompiler-rt.a.txt|r1-large_libcompiler_rt.a.txt|r1_libcompiler-rt.a.txt|r1_libcompiler_rt.a.txt|r2-large_libcompiler-rt.a.txt|r2-large_libcompiler_rt.a.txt|r2_libcompiler-rt.a.txt|r2_libcompiler_rt.a.txt|r3-large_libcompiler-rt.a.txt|r3-large_libcompiler_rt.a.txt|r3_libcompiler-rt.a.txt|r3_libcompiler_rt.a.txt|r4-large_libcompiler-rt.a.txt|r4-large_libcompiler_rt.a.txt|r4_libcompiler-rt.a.txt|r4_libcompiler_rt.a.txt|r5-large_libcompiler-rt.a.txt|r5-large_libcompiler_rt.a.txt|r5_libcompiler-rt.a.txt|r5_libcompiler_rt.a.txt"
"0x0204F068","__extendsfdf2","exact-toolchain-match","40","r1-large_libcompiler-rt.a.txt|r1-large_libcompiler_rt.a.txt|r1_libcompiler-rt.a.txt|r1_libcompiler_rt.a.txt|r2-large_libcompiler-rt.a.txt|r2-large_libcompiler_rt.a.txt|r2_libcompiler-rt.a.txt|r2_libcompiler_rt.a.txt|r3-large_libcompiler-rt.a.txt|r3-large_libcompiler_rt.a.txt|r3_libcompiler-rt.a.txt|r3_libcompiler_rt.a.txt|r4-large_libcompiler-rt.a.txt|r4-large_libcompiler_rt.a.txt|r4_libcompiler-rt.a.txt|r4_libcompiler_rt.a.txt|r5-large_libcompiler-rt.a.txt|r5-large_libcompiler_rt.a.txt|r5_libcompiler-rt.a.txt|r5_libcompiler_rt.a.txt"
"0x0204F0E2","__fixdfsi","exact-toolchain-match","26","r1-large_libcompiler-rt.a.txt|r1-large_libcompiler_rt.a.txt|r1_libcompiler-rt.a.txt|r1_libcompiler_rt.a.txt|r2-large_libcompiler-rt.a.txt|r2-large_libcompiler_rt.a.txt|r2_libcompiler-rt.a.txt|r2_libcompiler_rt.a.txt|r3-large_libcompiler-rt.a.txt|r3-large_libcompiler_rt.a.txt|r3_libcompiler-rt.a.txt|r3_libcompiler_rt.a.txt|r4-large_libcompiler-rt.a.txt|r4-large_libcompiler_rt.a.txt|r4_libcompiler-rt.a.txt|r4_libcompiler_rt.a.txt|r5-large_libcompiler-rt.a.txt|r5-large_libcompiler_rt.a.txt|r5_libcompiler-rt.a.txt|r5_libcompiler_rt.a.txt"
"0x0204F136","__floatsidf","exact-toolchain-match","26","r1-large_libcompiler-rt.a.txt|r1-large_libcompiler_rt.a.txt|r1_libcompiler-rt.a.txt|r1_libcompiler_rt.a.txt|r2-large_libcompiler-rt.a.txt|r2-large_libcompiler_rt.a.txt|r2_libcompiler-rt.a.txt|r2_libcompiler_rt.a.txt|r3-large_libcompiler-rt.a.txt|r3-large_libcompiler_rt.a.txt|r3_libcompiler-rt.a.txt|r3_libcompiler_rt.a.txt|r4-large_libcompiler-rt.a.txt|r4-large_libcompiler_rt.a.txt|r4_libcompiler-rt.a.txt|r4_libcompiler_rt.a.txt|r5-large_libcompiler-rt.a.txt|r5-large_libcompiler_rt.a.txt|r5_libcompiler-rt.a.txt|r5_libcompiler_rt.a.txt"
"0x0204F182","__floatunsidf","exact-toolchain-match","19","r1-large_libcompiler-rt.a.txt|r1-large_libcompiler_rt.a.txt|r1_libcompiler-rt.a.txt|r1_libcompiler_rt.a.txt|r2-large_libcompiler-rt.a.txt|r2-large_libcompiler_rt.a.txt|r2_libcompiler-rt.a.txt|r2_libcompiler_rt.a.txt|r3-large_libcompiler-rt.a.txt|r3-large_libcompiler_rt.a.txt|r3_libcompiler-rt.a.txt|r3_libcompiler_rt.a.txt|r4-large_libcompiler-rt.a.txt|r4-large_libcompiler_rt.a.txt|r4_libcompiler-rt.a.txt|r4_libcompiler_rt.a.txt|r5-large_libcompiler-rt.a.txt|r5-large_libcompiler_rt.a.txt|r5_libcompiler-rt.a.txt|r5_libcompiler_rt.a.txt"
"0x0204F1B6","normalize","exact-toolchain-match","16","r1-large_libcompiler-rt.a.txt|r1-large_libcompiler_rt.a.txt|r1_libcompiler-rt.a.txt|r1_libcompiler_rt.a.txt|r2-large_libcompiler-rt.a.txt|r2-large_libcompiler_rt.a.txt|r2_libcompiler-rt.a.txt|r2_libcompiler_rt.a.txt|r3-large_libcompiler-rt.a.txt|r3-large_libcompiler_rt.a.txt|r3_libcompiler-rt.a.txt|r3_libcompiler_rt.a.txt"
"0x0204F1EC","__muldf3","exact-toolchain-match","217","r1-large_libcompiler-rt.a.txt|r1-large_libcompiler_rt.a.txt|r1_libcompiler-rt.a.txt|r1_libcompiler_rt.a.txt|r2-large_libcompiler-rt.a.txt|r2-large_libcompiler_rt.a.txt|r2_libcompiler-rt.a.txt|r2_libcompiler_rt.a.txt|r3-large_libcompiler-rt.a.txt|r3-large_libcompiler_rt.a.txt|r3_libcompiler-rt.a.txt|r3_libcompiler_rt.a.txt|r4-large_libcompiler-rt.a.txt|r4-large_libcompiler_rt.a.txt|r4_libcompiler-rt.a.txt|r4_libcompiler_rt.a.txt|r5-large_libcompiler-rt.a.txt|r5-large_libcompiler_rt.a.txt|r5_libcompiler-rt.a.txt|r5_libcompiler_rt.a.txt"
