"start","end","pointer_count","targets","sample"
"0x02000AFC","0x02000B00","1","0x0205BD4E","midi_route"
"0x020035C0","0x020035C4","1","0x0205BCCE","app_core"
"0x02003D20","0x02003D24","1","0x02062750","0123456789ABCDEFD"
"0x020042DC","0x020042E0","1","0x02062589","(null)"
"0x02004400","0x02004404","1","0x0205BA7C","%04X"
"0x02004564","0x02004568","1","0x02062644","sys_event"
"0x02004ECC","0x02004ED0","1","0x0205BCCE","app_core"
"0x020077A0","0x020077A4","1","0x020698C8","INCLUDE_BTCTRLER-$17e777e"
"0x02008058","0x0200805C","1","0x0205BD4E","midi_route"
"0x0201DCFC","0x0201DD00","1","0x020623B8","Text"
"0x0201F88C","0x0201F890","1","0x0205BB01","#%06X"
"0x02020F4C","0x02020F50","1","0x0205BB7B","AMP %d"
"0x0202EB90","0x0202EB94","1","0x0205BEAE","audio_server"
"0x02030230","0x02030234","1","0x0205BD4E","midi_route"
"0x02030894","0x02030898","1","0x0205BEC9","app_area_head"
"0x02030E7C","0x02030E80","1","0x0205BE94","EXT_RESERVED"
"0x02031404","0x02031408","1","0x02062547","Apple"
"0x02039710","0x02039714","1","0x0205BB0D","sdram"
"0x02039C7C","0x02039C80","1","0x0205BD12","sys_timer"
"0x02039D04","0x02039D08","1","0x0205BCCE","app_core"
"0x0203A85C","0x0203A860","1","0x0205F881","g""?%"
"0x0203AAA8","0x0203AAAC","1","0x0205F886","$?V6'?"
"0x0203AC80","0x0203AC84","1","0x0205BB6E","timer"
"0x0203AE54","0x0203AE58","1","0x0205BCCE","app_core"
"0x0203C414","0x0203C418","1","0x02062590","no define getenv"
"0x0203DF70","0x0203DF74","1","0x0205C0F4","      ++&&   ++&&   "
"0x020405D4","0x020405D8","1","0x0205BED7","audio_encoder"
"0x02047958","0x0204795C","1","0x0205BB5C","spdif"
"0x02047C98","0x02047C9C","1","0x0205BB62","plnk1"
"0x02048078","0x0204807C","1","0x0205BB6E","timer"
"0x02049234","0x02049238","1","0x0205BAE5","iis0"
"0x0204FAD0","0x0204FAD4","1","0x0206242F","Autofilter"
"0x0204FB28","0x0204FB2C","1","0x02062442","Chorus"
"0x0204FB74","0x0204FB78","1","0x02062449","Flanger"
"0x0204FBC4","0x0204FBC8","1","0x02062451","Phaser"
"0x0204FC14","0x0204FC18","1","0x02062467","Tremolo"
"0x0204FC60","0x0204FC64","1","0x02062475","Univibe"
"0x0204FCAC","0x0204FCB0","1","0x0206247D","Vibrato"
"0x0204FCF0","0x0204FCF4","1","0x0206248B","Noise Gate++"
"0x0204FD30","0x0204FD34","1","0x02062498","AI Gate MS"
"0x020506B4","0x020506B8","1","0x020506C0","$""$5$7$8$9$:%""%5%7%8%9%:%G%U%Y,B,D,E,F,H,P,R,T,U,V0""0508090:0Y4""4B4G4U4W4X4Z5"
"0x02057994","0x02057A38","11","0x0205BCCE|0x02062644|0x0205BCBC|0x0205BD12|0x0205BBDD|0x0205BEAE|0x0205BED7|0x0206251D|0x02062529|0x020625C9|0x02062614","app_core|sys_event|systimer|sys_timer|update|audio_server|audio_encoder|sbc_encoder"
"0x0205C5C4","0x0205C5C8","1","0x020623D8","Analog"
"0x0205C5FC","0x0205C600","1","0x020623DF","dTape"
"0x0205C634","0x0205C638","1","0x020623E5","Dual"
"0x0205C66C","0x0205C670","1","0x020623F1","Duck"
"0x0205C6A4","0x0205C6A8","1","0x020623FD","Lofi"
"0x0205C6DC","0x0205C6E0","1","0x0206240C","Boost"
"0x0205C714","0x0205C718","1","0x02062417","Compress"
"0x0205C74C","0x0205C750","1","0x020624AD","Cloud"
"0x0205C784","0x0205C788","1","0x020624B8","Hall"
"0x0205C7BC","0x0205C7C0","1","0x020624BD","Room"
"0x0205C7F4","0x0205C7F8","1","0x020624C8","Shimmer"
"0x0205C82C","0x0205C830","1","0x020624DF","Spring"
"0x0205C864","0x0205C868","1","0x020624EC","Swell"
"0x020675B8","0x020675BC","1","0x0206979E","IDLE1"
"0x0206B0AC","0x0206B0B0","1","0x02062660","H4_Controller"
"0x0206B0EC","0x0206B0F0","1","0x020625C9","btctrler"
"0x0206B268","0x0206B26C","1","0x020625C9","btctrler"
"0x0206B344","0x0206B348","1","0x020625C9","btctrler"
"0x0206EDC8","0x0206EDCC","1","0x020625D2","link_layer"
"0x0206F2C0","0x0206F2C4","1","0x020625E3","1Hc08"
"0x020715E8","0x020715EC","1","0x020625F3","111AlB1"
"0x02073690","0x02073694","1","0x0205BA9F","1212"
"0x02073C08","0x02073C0C","1","0x020625AF","1C004"
"0x0207417C","0x02074180","1","0x02072828","autotest"
"0x020756C4","0x020756C8","1","0x020625A5","Ac161"
"0x020760D0","0x020760D4","1","0x0205BB19","1C016"
"0x02076BE8","0x02076BEC","1","0x0205BC44","b04C008"
"0x02076E34","0x02076E38","1","0x0205BB19","1C016"
"0x020815A4","0x020815A8","1","0x0206261C","222D"
"0x020815E0","0x020815E8","2","0x02062621|0x02062621","22222|22222"
"0x0208ACF4","0x0208ACF8","1","0x02062614","btstack"
"0x0208E288","0x0208E28C","1","0x0206263C","SHA-256"
"0x0208F47C","0x0208F4B0","3","0x0208F4C4|0x0208F4D1|0x0208F4DB","cfg_tool.bin|flash.bin|flash2.bin"
"0x0208F720","0x0208F724","1","0x0205BB56","flash"
"0x0208F7E0","0x0208F7E4","1","0x0205BB56","flash"
"0x0208F92C","0x0208F930","1","0x0208F465","app_dir_head"
"0x0208FA54","0x0208FA58","1","0x0208F465","app_dir_head"
"0x0208FC38","0x0208FC3C","1","0x0208F465","app_dir_head"
"0x020905C4","0x020905C8","1","0x02062531","nor_sdfile"
"0x0209063C","0x02090640","1","0x0205BBA5","sdfile"
"0x020906B4","0x020906B8","1","0x0206253C","sdfile_fat"
"0x02090834","0x020908B8","9","0x0205BEAE|0x0205BB4A|0x02062559|0x02062576|0x02062580|0x020625FF|0x02062627|0x02062656|0x0206265B","audio_server|audio|usr_systimer|sys_power|norflash|btstack_lowpwer_deal|audio_cmd|alnk"
"0x020969B4","0x020969B8","1","0x02057AC0","flash_powerup_ok"
"0x0209D00C","0x0209D19C","70","0x02062412|0x020623BD|0x020623CE|0x020623D3|0x02062402|0x02062451|0x020624D5|0x02062402|0x02062407|0x02062485|0x020624C2|0x02062402|0x020623EA|0x02062485|0x020624C2|0x02062402|0x020623F6|0x02062485|0x020624C2|0x02062402|0x02062407|0x02062485|0x020624C2|0x020624A3|0x02062412|0x020624A3|0x02062420|0x02062428|0x0206246F|0x02062485|0x02062485|0x020624C2|0x02062485|0x020624C2|0x02062485|0x02062458|0x0206245F|0x02062485|0x020624C2|0x0206246F|0x02062485|0x020624C2|0x02062485|0x020624C2|0x020624A3|0x020624A3|0x020624A8|0x020624F2|0x020624FC|0x02062502|0x020624B3|0x020624F2|0x020624FC|0x02062502|0x020624C2|0x020624F2|0x020624FC|0x02062502|0x020624C2|0x020624F2|0x020624D0|0x020624D5|0x020624F2|0x020624FC|0x02062502|0x020624E6|0x020624F2|0x020624FC|0x02062502|0x02062508","Gain|Bass|Lcut|Hcut|Time|Phaser|Pitch|Time"
