"start_offset","end_offset","length"
"0x567BE","0x567C0","2"
"0x567C4","0x567C6","2"
"0x567C8","0x567D0","8"
"0x567D4","0x567D6","2"
"0x567D8","0x567DA","2"
"0x567DC","0x567DE","2"
"0x567E6","0x567E8","2"
"0x567EC","0x567EE","2"
"0x56802","0x56804","2"
"0x56806","0x56808","2"
"0x5680C","0x5680E","2"
"0x56814","0x56816","2"
"0x56828","0x5682A","2"
"0x56832","0x56836","4"
"0x56850","0x56852","2"
"0x56856","0x5685A","4"
"0x56862","0x56866","4"
"0x56868","0x5686C","4"
"0x56874","0x56876","2"
"0x5687A","0x5687E","4"
"0x56896","0x56898","2"
"0x5689C","0x568A2","6"
"0x568A6","0x568A8","2"
"0x568BC","0x568BE","2"
"0x568DA","0x568DC","2"
"0x568E6","0x568EA","4"
"0x568EC","0x568EE","2"
"0x568F4","0x568FA","6"
"0x56904","0x5690C","8"
"0x56916","0x5691A","4"
"0x56920","0x56922","2"
"0x56930","0x56964","52"
"0x5696C","0x5696E","2"
"0x56974","0x56976","2"
"0x569B6","0x569B8","2"
"0x569C0","0x569C4","4"
"0x569C8","0x569FC","52"
"0x56A00","0x56A04","4"
"0x56A10","0x56A12","2"
"0x56A16","0x56A48","50"
"0x56A5E","0x56A60","2"
"0x56A94","0x56A96","2"
"0x56AAA","0x56AE2","56"
"0x56AF0","0x56AF2","2"
"0x56B32","0x56B34","2"
"0x56B58","0x56B64","12"
"0x56BA8","0x56BAC","4"
"0x56BE8","0x56BEA","2"
"0x56BEE","0x56BF2","4"
"0x56BFA","0x56BFC","2"
"0x56C32","0x56C34","2"
"0x56C40","0x56C44","4"
"0x56C4A","0x56C4C","2"
"0x56C7C","0x56C80","4"
"0x56C8C","0x56C8E","2"
"0x56C94","0x56C96","2"
"0x56C9C","0x56C9E","2"
"0x56CCE","0x56CD0","2"
"0x56D14","0x56D16","2"
"0x56D24","0x56D28","4"
"0x56D34","0x56D3A","6"
"0x56D60","0x56D62","2"
"0x56D6A","0x56D6C","2"
"0x56D76","0x56D78","2"
"0x56D82","0x56D84","2"
"0x56DAC","0x56DAE","2"
"0x56DB2","0x56DB4","2"
"0x56DB6","0x56DBA","4"
"0x56DC4","0x56DC6","2"
"0x56DFA","0x56DFC","2"
"0x56E04","0x56E06","2"
"0x56E14","0x56E16","2"
"0x56E1E","0x56E20","2"
"0x56E68","0x56E6A","2"
"0x56E92","0x56E94","2"
"0x56EB2","0x56EB4","2"
"0x56EE2","0x56EE4","2"
"0x56EE8","0x56EEA","2"
"0x56F30","0x56F32","2"
"0x56F3A","0x56F3C","2"
"0x56F3E","0x56F44","6"
"0x56F72","0x56F74","2"
"0x56F7A","0x56F7C","2"
"0x56F80","0x56F82","2"
"0x56F8A","0x56F8E","4"
"0x56F92","0x56F94","2"
"0x56F98","0x56F9A","2"
"0x56FC0","0x56FC2","2"
"0x56FCA","0x56FCC","2"
"0x56FD0","0x56FD2","2"
"0x56FDE","0x56FE4","6"
"0x56FFA","0x56FFC","2"
"0x5700E","0x57014","6"
"0x57016","0x57018","2"
"0x5701A","0x5701C","2"
"0x57024","0x57026","2"
"0x57028","0x5702A","2"
"0x5702C","0x5702E","2"
"0x57040","0x57042","2"
"0x57044","0x57046","2"
"0x57062","0x57064","2"
"0x5708E","0x57092","4"
"0x570A8","0x570AE","6"
"0x570B4","0x570B8","4"
"0x570C0","0x570C4","4"
"0x570DA","0x570DE","4"
"0x570FC","0x570FE","2"
"0x57106","0x57108","2"
"0x57126","0x5712A","4"
"0x57144","0x57148","4"
"0x57172","0x57176","4"
"0x571BE","0x571C2","4"
"0x571C6","0x571CA","4"
"0x57202","0x57206","4"
"0x5720A","0x5720E","4"
"0x5724C","0x5724E","2"
"0x57256","0x57258","2"
"0x5725C","0x5725E","2"
"0x5729E","0x572A0","2"
"0x572A6","0x572A8","2"
"0x572EC","0x572EE","2"
"0x57348","0x5734A","2"
"0x57352","0x57354","2"
"0x57394","0x5739E","10"
"0x573A0","0x573A2","2"
"0x573A6","0x573B2","12"
"0x573BA","0x573BE","4"
"0x573C2","0x573C4","2"
"0x573E2","0x573E4","2"
"0x573F2","0x573F6","4"
"0x573F8","0x573FA","2"
"0x573FC","0x57400","4"
"0x57404","0x57408","4"
"0x57410","0x57412","2"
"0x5742E","0x57430","2"
"0x57432","0x57436","4"
"0x57438","0x5743C","4"
"0x5743E","0x57442","4"
"0x57444","0x57448","4"
"0x57450","0x57454","4"
"0x5745C","0x57460","4"
"0x5747A","0x5747C","2"
"0x57484","0x57486","2"
"0x5748A","0x5748C","2"
"0x574C6","0x574C8","2"
"0x574CE","0x574D0","2"
"0x574D6","0x574D8","2"
"0x574DA","0x574DC","2"
"0x574DE","0x574E0","2"
"0x574EC","0x574EE","2"
"0x574F2","0x574F4","2"
"0x57512","0x57514","2"
"0x57518","0x5751A","2"
"0x57522","0x57526","4"
"0x5752A","0x5752E","4"
"0x57536","0x5753C","6"
"0x5753E","0x57540","2"
"0x5755E","0x57562","4"
"0x5756E","0x57572","4"
"0x575AA","0x575AC","2"
"0x575AE","0x575B0","2"
"0x575B2","0x575B4","2"
"0x575BA","0x575BE","4"
"0x575D2","0x575D6","4"
"0x575F4","0x575FC","8"
"0x575FE","0x57600","2"
"0x57606","0x5760C","6"
"0x5761E","0x57622","4"
"0x57640","0x57642","2"
"0x5764A","0x5764C","2"
"0x5766E","0x57670","2"
"0x5771C","0x5771E","2"
"0x5775E","0x57760","2"
"0x5776E","0x577A6","56"
"0x577BA","0x577BC","2"
"0x577F0","0x577F2","2"
"0x577FE","0x57802","4"
"0x57804","0x57806","2"
"0x57808","0x5780A","2"
"0x5780C","0x5780E","2"
"0x57810","0x57812","2"
"0x57818","0x5781A","2"
"0x57828","0x5782A","2"
"0x5782C","0x5782E","2"
"0x5783C","0x5783E","2"
"0x57844","0x57846","2"
"0x5784C","0x5784E","2"
"0x57854","0x57856","2"
"0x5785C","0x5785E","2"
"0x57860","0x57862","2"
"0x57872","0x57874","2"
"0x57878","0x5787C","4"
"0x57888","0x5788A","2"
"0x57898","0x5789A","2"
"0x578A8","0x578AA","2"
"0x578B8","0x578BC","4"
"0x578C8","0x578CC","4"
"0x578D8","0x578DC","4"
"0x578E4","0x578E6","2"
"0x578E8","0x578EA","2"
"0x578F8","0x578FA","2"
"0x57908","0x5790C","4"
"0x57918","0x5791A","2"
"0x5795A","0x5795C","2"
"0x57994","0x57996","2"
"0x57998","0x5799A","2"
"0x579C6","0x579C8","2"
"0x579E2","0x579E4","2"
"0x579FA","0x57A02","8"
"0x57A04","0x57A06","2"
"0x57A08","0x57A0A","2"
"0x57A0C","0x57A0E","2"
"0x57A10","0x57A12","2"
"0x57A14","0x57A16","2"
"0x57A18","0x57A1A","2"
"0x57A1C","0x57A1E","2"
"0x57A20","0x57A22","2"
"0x57A24","0x57A26","2"
"0x57A28","0x57A2A","2"
"0x57A2C","0x57A2E","2"
"0x57A30","0x57A32","2"
"0x57A34","0x57A36","2"
"0x57A38","0x57A3A","2"
"0x57A3C","0x57A3E","2"
"0x57A40","0x57A42","2"
"0x57A48","0x57A4A","2"
"0x57A64","0x57A66","2"
"0x57A68","0x57A6A","2"
"0x57A6C","0x57A6E","2"
"0x57A70","0x57A72","2"
"0x57A74","0x57A76","2"
"0x57A78","0x57A7A","2"
"0x57A7C","0x57A7E","2"
"0x57A80","0x57A82","2"
"0x57A84","0x57A86","2"
"0x57A88","0x57A8A","2"
"0x57A8C","0x57A8E","2"
"0x57A90","0x57A92","2"
"0x57A94","0x57A96","2"
"0x57A98","0x57A9A","2"
"0x57A9C","0x57A9E","2"
"0x57AA0","0x57AA2","2"
"0x57AA4","0x57AA6","2"
"0x57AA8","0x57AAA","2"
"0x57AAC","0x57AAE","2"
"0x57AB0","0x57AB2","2"
"0x57AB4","0x57AB6","2"
"0x57AB8","0x57ABA","2"
"0x57ABC","0x57ABE","2"
"0x57AC0","0x57AC2","2"
"0x57AC4","0x57AC6","2"
"0x57AC8","0x57ACA","2"
"0x57ACC","0x57ACE","2"
"0x57AD0","0x57AD2","2"
"0x57AD4","0x57AD6","2"
"0x57AD8","0x57ADA","2"
"0x57ADC","0x57ADE","2"
"0x57AE0","0x57AE2","2"
"0x57AE4","0x57AE6","2"
"0x57AE8","0x57AEA","2"
"0x57AEC","0x57AEE","2"
"0x57AF0","0x57AF2","2"
"0x57AF4","0x57AF6","2"
"0x57AF8","0x57AFA","2"
"0x57AFC","0x57AFE","2"
"0x57B00","0x57B02","2"
"0x57B04","0x57B06","2"
"0x57B08","0x57B0A","2"
"0x57B0C","0x57B0E","2"
"0x57B10","0x57B12","2"
"0x57B14","0x57B16","2"
"0x57B18","0x57B1A","2"
"0x57B1C","0x57B1E","2"
"0x57B20","0x57B22","2"
"0x57B24","0x57B26","2"
"0x57B28","0x57B2A","2"
"0x57B2C","0x57B2E","2"
"0x57B30","0x57B32","2"
"0x57B34","0x57B36","2"
"0x57B38","0x57B3A","2"
"0x57B3C","0x57B3E","2"
"0x57B40","0x57B42","2"
"0x57B44","0x57B46","2"
"0x57B48","0x57B4A","2"
"0x57B4C","0x57B4E","2"
"0x57B50","0x57B52","2"
"0x57B54","0x57B56","2"
"0x57B58","0x57B5A","2"
"0x57B5C","0x57B5E","2"
"0x57B60","0x57B62","2"
"0x57B64","0x57B66","2"
"0x57B68","0x57B6A","2"
"0x57B6C","0x57B6E","2"
"0x57B70","0x57B72","2"
"0x57B74","0x57B76","2"
"0x57B78","0x57B7A","2"
"0x57B7C","0x57B7E","2"
"0x57B80","0x57B82","2"
"0x57B84","0x57B86","2"
"0x57B88","0x57B8A","2"
"0x57B8C","0x57B8E","2"
"0x57B90","0x57B92","2"
"0x57B94","0x57B96","2"
"0x57B98","0x57B9A","2"
"0x57B9C","0x57B9E","2"
"0x57BA0","0x57BA2","2"
"0x57BA4","0x57BA6","2"
"0x57BA8","0x57BAA","2"
"0x57BAC","0x57BAE","2"
"0x57BB0","0x57BB2","2"
"0x57BB4","0x57BB6","2"
"0x57BB8","0x57BBA","2"
"0x57BBC","0x57BBE","2"
"0x57BC0","0x57BC2","2"
"0x57BC4","0x57BC6","2"
"0x57BC8","0x57BCA","2"
"0x57BCC","0x57BCE","2"
"0x57BD0","0x57BD2","2"
"0x57BD4","0x57BD6","2"
"0x57BD8","0x57BDA","2"
"0x57BDC","0x57BDE","2"
"0x57BE0","0x57BE2","2"
"0x57BE4","0x57BE6","2"
"0x57BE8","0x57BEA","2"
"0x57BEC","0x57BEE","2"
"0x57BF0","0x57BF2","2"
"0x57BF4","0x57BF6","2"
"0x57BF8","0x57BFA","2"
"0x57BFC","0x57BFE","2"
"0x57C00","0x57C02","2"
"0x57C04","0x57C06","2"
"0x57C08","0x57C0A","2"
"0x57C0C","0x57C0E","2"
"0x57C10","0x57C12","2"
"0x57C14","0x57C16","2"
"0x57C18","0x57C1A","2"
"0x57C1C","0x57C1E","2"
"0x57C20","0x57C22","2"
"0x57C24","0x57C26","2"
"0x57C28","0x57C2A","2"
"0x57C2C","0x57C2E","2"
"0x57C30","0x57C32","2"
"0x57C34","0x57C36","2"
"0x57C38","0x57C3A","2"
"0x57C3C","0x57C3E","2"
"0x57C66","0x57C6E","8"
"0x57C76","0x57C78","2"
"0x57C7A","0x57C7C","2"
"0x57C86","0x57C88","2"
"0x57C8A","0x57C8C","2"
"0x57C92","0x57C94","2"
"0x57C96","0x57C98","2"
"0x57C9A","0x57C9C","2"
"0x57CA2","0x57CA4","2"
"0x57CA6","0x57CA8","2"
"0x57CAA","0x57CAC","2"
"0x57CB2","0x57CB4","2"
"0x57CB6","0x57CBC","6"
"0x57CC2","0x57CC4","2"
"0x57CC6","0x57CC8","2"
"0x57CCA","0x57CCC","2"
"0x57CD2","0x57CD4","2"
"0x57D14","0x57D16","2"
"0x57D18","0x57D1A","2"
"0x57D1C","0x57D34","24"
"0x57D36","0x57D38","2"
"0x57D3A","0x57D3C","2"
"0x57D3E","0x57D40","2"
"0x57D42","0x57D44","2"
"0x57D46","0x57D48","2"
"0x57D4A","0x57D4C","2"
"0x57D4E","0x57D50","2"
"0x57D52","0x57D54","2"
"0x57D56","0x57D58","2"
"0x57D5A","0x57D5C","2"
"0x57D5E","0x57D60","2"
"0x57D62","0x57D64","2"
"0x57D66","0x57D68","2"
"0x57D6A","0x57D6C","2"
"0x57D6E","0x57D70","2"
"0x57D72","0x57D74","2"
"0x57D76","0x57D78","2"
"0x57D7A","0x57D7C","2"
"0x57D7E","0x57D80","2"
"0x57D82","0x57D84","2"
"0x57D86","0x57D88","2"
"0x57D8A","0x57D8C","2"
"0x57DAE","0x57DB0","2"
"0x57DB2","0x57DB4","2"
"0x57DB6","0x57DB8","2"
"0x57DBA","0x57DBC","2"
"0x57DBE","0x57DC0","2"
"0x57DC2","0x57DC4","2"
"0x57DC6","0x57DC8","2"
"0x57DCA","0x57DCC","2"
"0x57DCE","0x57DD0","2"
"0x57DD2","0x57DD4","2"
"0x57DD6","0x57DD8","2"
"0x57DDA","0x57DDC","2"
"0x57DDE","0x57DE0","2"
"0x57DE2","0x57DE4","2"
"0x57DE6","0x57DE8","2"
"0x57DEA","0x57DEC","2"
"0x57DEE","0x57DF0","2"
"0x57DF2","0x57DF4","2"
"0x57DF6","0x57DF8","2"
"0x57DFA","0x57DFC","2"
"0x57DFE","0x57E00","2"
"0x57E02","0x57E04","2"
"0x57E06","0x57E08","2"
"0x57E0A","0x57E0C","2"
"0x57E66","0x57E68","2"
"0x57E6C","0x57E6E","2"
"0x57E8C","0x57E8E","2"
"0x57E94","0x57E96","2"
"0x57EB8","0x57EBA","2"
"0x57EBC","0x57EBE","2"
"0x57EC0","0x57EC2","2"
"0x57ED4","0x57ED6","2"
"0x57F24","0x57F26","2"
"0x57F44","0x57F46","2"
"0x57F48","0x57F4A","2"
"0x57F4C","0x57F4E","2"
"0x57F58","0x57F5A","2"
"0x57F60","0x57F62","2"
"0x57F68","0x57F6A","2"
"0x57F7C","0x57F7E","2"
"0x57FB0","0x57FB2","2"
"0x57FD4","0x57FD6","2"
"0x57FD8","0x57FDA","2"
"0x57FDC","0x57FDE","2"
"0x57FE4","0x57FE6","2"
"0x57FEC","0x57FEE","2"
"0x57FF0","0x57FF2","2"
"0x58000","0x58002","2"
"0x58010","0x58012","2"
"0x58040","0x58042","2"
"0x58060","0x58062","2"
"0x58064","0x58066","2"
"0x58068","0x5806A","2"
"0x58074","0x58076","2"
"0x58078","0x5807A","2"
"0x58098","0x5809A","2"
"0x580A4","0x580A6","2"
"0x580EC","0x580EE","2"
"0x580F0","0x580F2","2"
"0x580F4","0x580F6","2"
"0x58100","0x58102","2"
"0x58124","0x58126","2"
"0x58164","0x58166","2"
"0x58178","0x5817A","2"
"0x5817C","0x5817E","2"
"0x58180","0x58182","2"
"0x5818C","0x5818E","2"
"0x581E4","0x581E6","2"
"0x58204","0x58206","2"
"0x58208","0x5820A","2"
"0x5820C","0x5820E","2"
"0x58218","0x5821A","2"
"0x58220","0x58222","2"
"0x58238","0x5823A","2"
"0x58278","0x5827A","2"
"0x58290","0x58292","2"
"0x58294","0x58296","2"
"0x58298","0x5829A","2"
"0x582A0","0x582A2","2"
"0x582A4","0x582A6","2"
"0x582DC","0x582DE","2"
"0x582E4","0x582E6","2"
"0x58380","0x58382","2"
"0x58384","0x58386","2"
"0x58388","0x5838A","2"
"0x5838C","0x5838E","2"
"0x58390","0x58392","2"
"0x58394","0x58396","2"
"0x583A4","0x583A6","2"
"0x583A8","0x583AA","2"
"0x583B0","0x583B2","2"
"0x583C4","0x583C6","2"
"0x583E8","0x583EA","2"
"0x58450","0x58452","2"
"0x58460","0x58462","2"
"0x58494","0x58496","2"
"0x58498","0x5849A","2"
"0x5849C","0x5849E","2"
"0x584A0","0x584A2","2"
"0x584A4","0x584A6","2"
"0x584A8","0x584AA","2"
"0x584B4","0x584B6","2"
"0x584BC","0x584BE","2"
"0x584C8","0x584CA","2"
"0x584CC","0x584CE","2"
"0x584EC","0x584EE","2"
"0x58564","0x58566","2"
"0x58568","0x5856A","2"
"0x58570","0x58572","2"
"0x585A4","0x585A6","2"
"0x585A8","0x585AA","2"
"0x585AC","0x585AE","2"
"0x585B0","0x585B2","2"
"0x585B4","0x585B6","2"
"0x585B8","0x585BA","2"
"0x585C4","0x585C6","2"
"0x585CC","0x585CE","2"
"0x585D8","0x585DA","2"
"0x585DC","0x585DE","2"
"0x585E8","0x585EA","2"
"0x585FC","0x585FE","2"
"0x58614","0x58616","2"
"0x58678","0x5867A","2"
"0x5867C","0x5867E","2"
"0x5868C","0x5868E","2"
"0x586B0","0x586B2","2"
"0x586C0","0x586C2","2"
"0x586CC","0x586D0","4"
"0x586E4","0x586E6","2"
"0x586EC","0x586EE","2"
"0x58700","0x58702","2"
"0x58712","0x58718","6"
"0x5871A","0x5871C","2"
"0x5872A","0x5872C","2"
"0x58730","0x58732","2"
"0x58740","0x58742","2"
"0x58750","0x58752","2"
"0x58758","0x5875A","2"
"0x58774","0x58776","2"
"0x58778","0x5877C","4"
"0x5877E","0x58780","2"
"0x587CC","0x587CE","2"
"0x587D4","0x587D6","2"
"0x587E8","0x587EA","2"
"0x587EC","0x587EE","2"
"0x58810","0x58812","2"
"0x58820","0x58822","2"
"0x58826","0x58828","2"
"0x5882E","0x58830","2"
"0x58832","0x58834","2"
"0x58836","0x58838","2"
"0x5883A","0x58840","6"
"0x58842","0x58848","6"
"0x5884A","0x5884C","2"
"0x58858","0x5885A","2"
"0x58860","0x58862","2"
"0x5887A","0x5887C","2"
"0x5887E","0x58880","2"
"0x58882","0x58884","2"
"0x5888A","0x5888C","2"
"0x58898","0x5889A","2"
"0x588D8","0x588DA","2"
"0x58918","0x5891A","2"
"0x58920","0x58922","2"
"0x5893C","0x5893E","2"
"0x58950","0x58952","2"
"0x58974","0x58976","2"
"0x58978","0x5897A","2"
"0x58984","0x58986","2"
"0x58998","0x5899A","2"
"0x589BC","0x589BE","2"
"0x589C2","0x589C4","2"
"0x589C6","0x589C8","2"
"0x589CA","0x589CC","2"
"0x589D2","0x589D4","2"
"0x589D6","0x589D8","2"
"0x589DA","0x589DC","2"
"0x589DE","0x589E4","6"
"0x589E6","0x589E8","2"
"0x58A08","0x58A0A","2"
"0x58A48","0x58A4A","2"
"0x58A5C","0x58A5E","2"
"0x58A6C","0x58A6E","2"
"0x58AB0","0x58AB2","2"
"0x58AB4","0x58AB6","2"
"0x58AB8","0x58ABA","2"
"0x58AC0","0x58AC2","2"
"0x58AE0","0x58AE2","2"
"0x58AE4","0x58AE6","2"
"0x58AE8","0x58AEA","2"
"0x58AF4","0x58AF6","2"
"0x58B14","0x58B16","2"
"0x58B1C","0x58B1E","2"
"0x58B2C","0x58B2E","2"
"0x58B5C","0x58B5E","2"
"0x58B60","0x58B62","2"
"0x58B64","0x58B66","2"
"0x58B8C","0x58B8E","2"
"0x58B90","0x58B92","2"
"0x58BA4","0x58BA6","2"
"0x58BB4","0x58BB6","2"
"0x58BD4","0x58BD6","2"
"0x58C04","0x58C06","2"
"0x58C0C","0x58C0E","2"
"0x58C18","0x58C1A","2"
"0x58C2C","0x58C2E","2"
"0x58C34","0x58C36","2"
"0x58C4C","0x58C4E","2"
"0x58C70","0x58C72","2"
"0x58C86","0x58C88","2"
"0x58C8A","0x58C8C","2"
"0x58C8E","0x58C90","2"
"0x58C92","0x58C98","6"
